Nº Pedido;E-mail;Criado em;Ultima interação
1;sk8sta13@gmail.com;20/08/2016 às 22:57;20/08/2016 às 22:57
1;sk8sta13@gmail.com;20/08/2016 às 22:57;20/08/2016 às 22:57
1;sk8sta13@gmail.com;20/08/2016 às 22:56;20/08/2016 às 22:56
1;sk8sta13@gmail.com;20/08/2016 às 22:54;20/08/2016 às 22:54
1;sk8sta13@gmail.com;20/08/2016 às 22:53;20/08/2016 às 22:53
21;gdavis@hotmail.com;20/08/2016 às 19:06;20/08/2016 às 19:06
16;chelsie68@dibbert.biz;20/08/2016 às 19:06;20/08/2016 às 19:06
15;beier.sterling@hotmail.com;20/08/2016 às 19:06;20/08/2016 às 19:06
28;bzulauf@yahoo.com;20/08/2016 às 19:06;20/08/2016 às 19:06
6;halie20@gmail.com;20/08/2016 às 19:06;20/08/2016 às 19:06
11;kennedy50@hotmail.com;20/08/2016 às 19:06;20/08/2016 às 19:06
